prompt_version,wins,win_rate,avg_score,final_score
v1,4,0.4,0.566675,0.46667000000000003
v5,3,0.3,0.5833333333333334,0.41333333333333333
v2,2,0.2,0.525,0.33
v6,1,0.1,0.4833,0.25332
